id;sys_company_id;sys_office_id
1;Specialist Fresh card;Internal synthesize optical
2;Strategist;hard drive migration
3;Falkland Islands (Malvinas) invoice Courts;Bahamian Dollar
4;Ergonomic Concrete Bike Small Rubber Shoes;secured line
5;Incredible Focused;quantify Ergonomic Fresh Salad SCSI
6;matrices visionary Officer;Awesome Streamlined
7;4th generation interfaces zero tolerance;COM Norfolk Island Gorgeous Fresh Bike
8;Avon bandwidth;Lead Vatu
9;Refined Frozen Towels Beauty North Korean Won;support
10;Springs Rubber;Corporate initiatives
